,track_id,artists,album_name,track_name,duration_ms,genre,language,,,
8000,5MAK1nd8R6PWnle1Q1WJvh,Everybody Loves an Outlaw,I See Red,I See Red,230613,Blues,english,,,
8001,2tznHmp70DxMyr2XhWLOW0,Cage The Elephant,Melophobia,Cigarette Daydreams,208760,Blues,english,,,
8003,3dPQuX8Gs42Y7b454ybpMR,The White Stripes,Elephant,Seven Nation Army,232106,Blues,english,,,
8005,7K0WZ75nHqj450OYd3ZywF,The EverLove,Walk Through Fire,I'm Dangerous,243329,Blues,english,,,
8010,1GQMpacZAFmsYYmkT87gUw,ZZ Top,Timeless Rock Hits,Rough Boy,287426,Blues,english,,,
8011,0uZ14vmYf9O5LirYjN84GL,Ella Fitzgerald,pov: you hear the bells jingle,Sleigh Ride,175986,Blues,english,,,
8013,7idmN70yhFrMLLoC4Ufeak,Otis Redding,Thanksgiving Party,Wonderful World,191533,Blues,english,,,
8014,4L6mJJhYx3PNhKhaXX4BCw,Lynyrd Skynyrd,Country Car Hits,Simple Life,197106,Blues,english,,,
8015,08dNxhOkSsdUOaHthtIy91,Ella Fitzgerald,Christmas Eve At Home,Jingle Bells,143093,Blues,english,,,
8023,72E3wMPI5tVY7VoEWLSuhf,Ella Fitzgerald,CHRISTMAS TOP HITS 2022,Frosty The Snowman,131733,Blues,english,,,
8025,5ftfVzSLIi5ZxYdNbRtf41,The Black Keys,Coffee Moment,Never Gonna Give You Up,218986,Blues,english,,,
8027,3Xrasa4unuME8UMwOnqIP9,Ray Charles,Thanksgiving Party,Ain't That Love,173906,Blues,english,,,
8032,70mBn5A0cKtwGGMTrr0IXl,Ray Charles,Thanksgiving Party,Mess Around,160226,Blues,english,,,
8151,4sebUbjqbcgDSwG6PbSGI0,Cage The Elephant,Melophobia,Come a Little Closer,229346,Blues,english,,,
8152,3VBvV5wMMgEkrXqILx8JnB,Sam Tinnesz,Legends Are Made,Legends Are Made,169758,Blues,english,,,
8153,14YkNhtwblvxRzsx47gyKC,"Raphael Lake, Aaron Levy & Daniel Ryan Murphy",Indie Soul 2,Prisoner,205714,Blues,english,,,
8154,3Pzh926pXggbMe2ZpXyMV7,Cage The Elephant,Cage The Elephant (Expanded Edition),Ain't No Rest for the Wicked,175493,Blues,english,,,
8155,3N2rQn3AyLfkJGAS4viDAt,Etta James,REGNIG DAG,Stormy Weather,187773,Blues,english,,,
8156,7GPKkJbfSduDWyoVvuaGq9,Nina Simone,Top Trending Romania - Vara 2022,Strange Fruit,209578,Blues,english,,,
8185,2i6Zgt3uFaupWIcpvRORMn,B.B. King,Home For Christmas 2022,Please Come Home For Christmas,291440,Blues,english,,,
8186,2hEf65oCXX1w77dSrFu410,Nina Simone,Anthems for Witches 2022,I Put A Spell On You,156266,Blues,english,,,
8187,4UVkpm1zm3ANOCeXoIxAhU,B.B. King,pov: you ride on santa's sleigh,Back Door Santa,205280,Blues,english,,,
8188,3lyCiPreSBOMM1aKhTyzrM,Nina Simone,Halloween Songs | Witches Hour,I Put A Spell On You,156266,Blues,english,,,
8367,60ifqqPhbselSwXyGrGyMK,Deep Purple,Stormbringer (Remastered),Soldier Of Fortune,204880,Blues,english,,,
8368,3uMmllZo1AfoEnVT4ENCD3,Deep Purple,Machine Head (Remastered),Highway Star,366136,Blues,english,,,
8369,43DeSV93pJPT4lCZaWZ6b1,Thin Lizzy,Jailbreak (Deluxe Edition),The Boys Are Back In Town,266720,Blues,english,,,
8370,29W0nW0risI95kRkHsoZai,Amadou & Mariam,Afrobeats 2022,Ilbiwa,254106,Blues,english,,,
8922,3qGfORcKaj3MNVg0eZ2XxL,Omar Cunningham,Hell At The House,Baby Don't Leave Me,341906,Blues,english,,,
8978,01LigwR8Dn9cPqCIGIBqwv,Theodis Ealey,I'm the Man You Need,Pop That Middle,258986,Blues,english,,,
8983,3giA44zxPL9lXeYhzdcMpX,Gary Moore,Still Got The Blues,Walking By Myself,175866,Blues,english,,,
1001,s001,රෑකාන්ත ගුණතිලක,,අංගනාවෝ,,Blues,sinhala,,,
1002,s002,රෑකාන්ත ගුණතිලක,,අනාත මාරුතේ,,Blues,sinhala,,,
1003,s003,එම්.එස්.ප්‍රනාන්දු,,නෙළුම් මලේ පෙති,,Blues,sinhala,,,
1004,s004,ක්ලැරන්ස් විජේවර්ධන ,,මලට බඹරෙකු සේ,,Blues,sinhala,,,
1005,s005,එච්.ආර්.ජෝතිපාල ,,මේ ජීවනයේ,,Blues,sinhala,,,
1006,s006,එච්.ආර්.ජෝතිපාල & සුජාතා අත්තනායක ,,චන්ද්‍රා මෙ රෑ පායා,,Blues,sinhala,,,
1007,s007,ක්ලැරන්ස් විජේවර්ධන ,,ගමෙන් ලියුමක්,,Blues,sinhala,,,
1008,s008,එච්.ආර්.ජෝතිපාල & ඇන්ජලින් ගුණතිලක ,,හද විමන් දොරින්,,Blues,sinhala,,,
1009,s009,එච්.ආර්.ජෝතිපාල & ඇන්ජලින් ගුණතිලක ,,ඈත දිලිසෙන,,Blues,sinhala,,,
1010,s010,සෝමතිලක ජයමහ,,ආදරයේ උණුසුම ළඟ,,Blues,sinhala,,,
1011,s011,සුනිල් එදිරිසිංහ,,පුර පෝය හඳට,,Blues,sinhala,,,
1012,s012,එච්.ආර්.ජෝතිපාල & ඇන්ජලින් ගුණතිලක ,,පාට පොදක්,,Blues,sinhala,,,
1013,s013,ප්‍රියා සූරියසේන,,රටකින් එහා,,Blues,sinhala,,,
1014,s014,මිල්ටන් මල්ලවාරච්චි & ඇන්ජලින් ගුණතිලක ,,සඳ තනිවෙලා,,Blues,sinhala,,,
1015,s015,එච්.ආර්.ජෝතිපාල ,,සමන් මල් පියල්ලේ,,Blues,sinhala,,,
16451,3gFQOMoUwlR6aUZj81gCzu,Joe Hisaishi,Spirited Away Soundtrack,One Summer Day,189800,Classical,english,,,
16469,2eB7JqIY4hTTSz31h6bjwR,DragonForce,Inhuman Rampage,Through The Fire And Flames,439120,Classical,english,,,
16478,5pl3wsilqIY02ZmrjMNkYy,Dustin O'Halloran & Bryan Senti,Weihnachten Klassik 2022,What Gently Flutters,128048,Classical,english,,,
16504,2sAiNmdrbbUhEWtjhQdj2l,Shivkumar Sharma,Silsila,Santoor,220240,Classical,english,,,
16545,7FfIpIyjR3lq0HYieXBTZq,Hania Rani & Dobrawa Czocher,The Best Classical Playlist,There Will Be Hope,277334,Classical,english,,,
16546,1rwXIohfWn9SUJii14voKX,"Arvo PÃ¤rt, Jeremy Backhouse, John Keys & Vasari Singers",October Classical Playlist,The Beatitudes,418840,Classical,english,,,
16549,3wjQZWJAeEmb7Z3CdsNajq,Duke Ellington & John Coltrane,All I want For Christmas Is Music,In A Sentimental Mood,256293,Classical,english,,,
16560,6rWsyS59S7nMaxkaCfHRZ0,Kristoffer Wallin & Simon Wester,Always Loved,Always Loved,149673,Classical,english,,,
16572,0sdKX3AQM33b3aO8QW4li6,The Piano Lover,Hold My Hand,Hold My Hand,190000,Classical,english,,,
16585,5CPXR6lDTvngxtmMZxnWmC,Dream Theater,Images and Words,Pull Me Under,493933,Classical,english,,,
16616,2m2GJpBjQNNphaCgBeoj7R,Stephan Moccio,Fracture,Fracture,207640,Classical,english,,,
16626,48i1p3R9l9f7zjcHPJysZZ,Ludovico Einaudi,Underwater,Wind Song,198649,Classical,english,,,
16639,5AbU5I0K9Z7muuvUw4No4n,Carlos Cipa,Stress Free Music,dark tree,393958,Classical,english,,,
16641,7sCEGVDNPistGb4I1DbGGe,"Luke Howard, Jess Gillam & Jess Gillam Ensemble",Classical Running,Dappled Light,251573,Classical,english,,,
16653,2REtPaI44o74h3hqF4LxGL,Sarah Watson,Stargaze,Stargaze,129889,Classical,english,,,
16654,55tehuewleUyLqkKuovHkQ,Roger Eno & Scoring Berlin,The Turning Year,Clearly,149976,Classical,english,,,
16664,2ZgzcSD8lWLOwWoNYFX219,Chilly Gonzales,Refreshing Piano,Gogol,117482,Classical,english,,,
16666,7FKgFLnjdyTUInGfnSQPoH,George Gershwin & Nick Russoniello,"Gershwin, Wiedoeft, Russoniello, Schulhoff: The Golden Age Project",Lullaby,526946,Classical,english,,,
16640,3yBCQ8gFqTyDwwgMDY93fw,Luke Howard & Brett Kelly,Klassische Weihnachtsmusik,Hymn,343724,Classical,english,,,
16631,7ycz6sgZWp4wvF53BZVTjE,Dream Theater,"Metropolis, Pt. 2: Scenes from a Memory",Scene Eight: The Spirit Carries On,398266,Classical,english,,,
16633,02xd7yuAEiLOF7rt4zlPep,Yiruma,The Rewritten Memories,River Flows in You,285251,Classical,english,,,
16626,48i1p3R9l9f7zjcHPJysZZ,Ludovico Einaudi,Underwater,Wind Song,198649,Classical,english,,,
16605,0I9HIOTtaXrX968btEa3DA,Josh Kramer,Box of Memories,Box of Memories,162160,Classical,english,,,
16665,2LnnCrqJl1p39bD7d491cu,Chilly Gonzales,Refreshing Piano,White Keys,181055,Classical,english,,,
1016,s016,නන්දා මාලනී ,,කුරුටු ගෑ ගී,,Classical,sinhala,,,
1017,s017, රෝහණ බැද්දගේ ,,කොස් වතු කන්දේ,,Classical,sinhala,,,
1018,s018,මාලනී බුලත්සිංහල,,මා එක්කලා,,Classical,sinhala,,,
1019,s019,සුනිල් එදිරිසිංහ,,මා ඉතින් යන්න,,Classical,sinhala,,,
1020,s020,කරුනාරත්න දිවුල්ගනේ,,කොණ්ඩ කිරිල්ලියේ,,Classical,sinhala,,,
1021,s021,කොරින් අල්මේදා,,මගෙ කොන්ඩේ නැතත්,,Classical,sinhala,,,
1022,s022,අමරසිරි පීරිස්,,ළඳුනේ,,Classical,sinhala,,,
1023,s023,නන්දා මාලනී ,,අම්මාවරුනේ,,Classical,sinhala,,,
1024,s024,අමරසිරි පීරිස්,,ඔබ ඇපල් මලක්,,Classical,sinhala,,,
1025,s025,මර්වින් පෙරේරා ,,මේ නගරය,,Classical,sinhala,,,
1026,s026,මිල්ටන් මල්ලවරාච්චි,,අවසර නැත මට,,Classical,sinhala,,,
1027,s027,ටී.එම්.ජයරත්න,,හෙමින් සැරේ,,Classical,sinhala,,,
1028,s028,විජය කුමරතුංග,,ගඟ අද්දර,,Classical,sinhala,,,
1029,s029,ඩබ්ලිව්.ඩී අමරදේව,,ශාන්ත මේ රෑ යාමේ,,Classical,sinhala,,,
1030,s030,හරූන් ලන්ත්‍රා,,සුළං කුරුල්ලෝ,,Classical,sinhala,,,
19001,6AHJTA1BN7ePfChCwqph3z,Luke Bryan,Country USA,Country On,236455,Country,english,,,
19002,5eUtyONoPyfZYGrFHmZzlc,Thomas Rhett,Mientras hago aromaterapia,Die A Happy Man,228320,Country,english,,,
19005,0aEPP6wdKf2uBYEz72gnAe,Zach Bryan,Relaxing Pop,Something in the Orange,228013,Country,english,,,
19009,43WFp6WBAvNgc7iaFFEUJp,Luke Bryan,Tailgate Country,Country Girl (Shake It For Me),225560,Country,english,,,
19018,1uv9nDXqHJkybUGfVJws3U,Zach Bryan,Hideaway - New Boots,Oklahoma Smokeshow,211739,Country,english,,,
19019,3opqy7HYeNHQaUwYVS7cLo,Thomas Rhett & HARDY,Tailgate Country,Put It On Ice,184800,Country,english,,,
19020,66ERrn57fmkbOq9zhELGPv,Zach Bryan,rainy day indie,November Air,243709,Country,english,,,
19030,60HMnpDctYiFAoGkj5ciW6,Luke Bryan,Country Christmas Greatest Hits,Run Run Rudolph,172733,Country,english,,,
19037,4ciJOrk7GS4N0wJeQJATLN,Zach Bryan,Good Times Country,If She Wants a Cowboy,192293,Country,english,,,
19038,2wSZhX2Yvslh1oZFFjj45p,Florida Georgia Line,Tailgate Country,Sun Daze,185400,Country,english,,,
19043,1Ygg8lP3sRwkN9aEyBQgC6,Creedence Clearwater Revival,Fishing Music,Bad Moon Rising,141600,Country,english,,,
19044,2rggQ3hWhqF27FaxGLPnth,Creedence Clearwater Revival,Halloween Scary Party,I Put A Spell On You,270360,Country,english,,,
19059,6QEQQbdqy6MIjqIa8tNvTj,Dan & Shay,New Country,You,196253,Country,english,,,
19060,5ROz72zGx6pWOKoes5soBm,Dan & Shay,Single Saturday Night - Country Songs,Glad You Exist,144760,Country,english,,,
19070,6eWeTcpAu5F68IQf2xWTU3,Shania Twain,Los ClÃ¡sicos del Pop 90s,You're Still The One,212560,Country,english,,,
19078,1vL63FmpGbAEpKCSh7ZsL0,Shania Twain,Sunny Mornings,I'm Gonna Getcha Good ,269400,Country,english,,,
19088,2bbBBFlA66OVmzX9BMD9Dh,Shania Twain,Tailgate Country,Man! I Feel Like A Woman!,233000,Country,english,,,
19100,40riOy7x9W7GXjyGp4pjAv,Eagles,Hotel California,Hotel California ,391376,Country,english,,,
19155,7bfZTvjOD4WXpweVxpg85o,Carrie Underwood & John Legend,Christmas Songs 2022,Hallelujah,275099,Country,english,,,
19202,44U3T6S8BsdE76sz1VmQig,Blake Shelton,New Country Hits,No Body,187640,Country,english,,,
19262,5Ae0vG7VEUzclhvYLOhmcN,Kacey Musgraves,Beste Weihnachtslieder,Feliz Navidad,201373,Country,english,,,
19300,1WzAeadSKJhqykZFbJNmQv,Josh Turner,Your Man,Your Man,211893,Country,english,,,
19314,4TvZe6U2SwgEScreWEGA6y,Riley Green,Sad Country Songs,I Let A Damn Good Woman Leave,212200,Country,english,,,
19318,6JZg74LR98YrRM0wlbCDLM,Rascal Flatts,Christmas Country Songs 2022,Joy To The World,218520,Country,english,,,
19329,3dcDc0eaQabbXoTNXysU6U,Little Big Town,Country USA,Boondocks,272346,Country,english,,,
19333,7nzbdPYlaoVjV42rzBWStH,Darius Rucker,Fishing Music,Wagon Wheel,298400,Country,english,,,
19336,7thLVTvGXOpJcMEmQPNxU8,Little Big Town,Tailgate Country,Day Drinking,178840,Country,english,,,
19339,3hDSiWsdRj4e6iDV9Pc3tq,Darius Rucker,Tailgate Country,Wagon Wheel,298400,Country,english,,,
19353,7C2xXcXTr7AItNOMVr1Oul,Gabby Barrett,Country Car Hits,Pick Me Up,169440,Country,english,,,
19356,0TgKHlvgZEfaiALjWqyidx,Gabby Barrett,Cozy Country,The Good Ones,215140,Country,english,,,
19368,5YzfH7DTvRUf6l3ebJG0c0,Carly Pearce,Sad Country Songs,Every Little Thing,181053,Country,english,,,
19391,7DSTFdDCDdAaD8hMtAmLzh,Billy Currington,Tailgate Country,Pretty Good At Drinkin' Beer,179906,Country,english,,,
19462,1AhR2cNx9Kdta7FGvpfQ9H,Breland,New Country,Natural,162093,Country,english,,,
1031,s031,එච්.ආර්.ජෝතිපාල,,මල් පිබිදෙන,,Country,sinhala,,,
1032,s032,එච්.ආර්.ජෝතිපාල ,,මහද නමැති,,Country,sinhala,,,
1033,s033,ක්ලැරන්ස් විජේවර්ධන & ලතා වල්පොල ,,ලෝකේ ජීවත් වන්නට,,Country,sinhala,,,
1034,s034,ප්‍රියා සූරියසේන,,ඈත රන් විමන්,,Country,sinhala,,,
1035,s035,ඩබ්ලිව්.ඩී අමරදේව,,නිම් හිම් සෙව්වා,,Country,sinhala,,,
1036,s036,ක්ලැරන්ස් විජේවර්ධන ,,මුහුදු රැල්ල ඔස්සේ,,Country,sinhala,,,
1037,s037,එච්.ආර්.ජෝතිපාල ,,දිලි දිලි දිලීසේවි,,Country,sinhala,,,
1038,s038,ගුණදාස කපුගේ,,දෑස නිළුපුල්,,Country,sinhala,,,
1039,s039,ක්ලැරන්ස් විජේවර්ධන ,,හිරුගේ ලොවේදී,,Country,sinhala,,,
1040,s040,අමරසිරි පීරිස්,,හන්තානට පායන සඳ,,Country,sinhala,,,
1041,s041,ඩබ්ලිව්.ඩී අමරදේව,,සන්නාලියනේ,,Country,sinhala,,,
1042,s042,ක්ලැරන්ස් විජේවර්ධන ,,පියඹා යනවා මා,,Country,sinhala,,,
1043,s043,ක‍්ලැරන්ස් විජේවර්ධන,,කිමද නාවේ,,Country,sinhala,,,
1044,s044,එච්.ආර්.ජෝතිපාල ,,ජීවිතේ තරුණ කාලේ,,Country,sinhala,,,
1045,s045,කීර්ති පැස්කුවෙල් & නන්දා මාලනී,,සිංහල රජ කාලේ,,Country,sinhala,,,
20000,5IgjP7X4th6nMNDh4akUHb,Chris Brown,Indigo (Extended),Under The Influence,184613,Dance,english,,,
20001,3nqQXoyQOWXiESFLlDF1hG,Sam Smith & Kim Petras,Unholy (feat. Kim Petras),Unholy ,156943,Dance,english,,,
20002,5nCthAh3jt4xKuLJAifAaR,Katy Perry,Harleys In Hawaii,Harleys In Hawaii,185815,Dance,english,,,
20003,48QmG1dfvMuYLxMPt7KSRA,Sean Paul & Dua Lipa,Mad Love The Prequel,No Lie,221176,Dance,english,,,
20004,7BKLCZ1jbUBVqRi2FVlTVw,The Chainsmokers & Halsey,Closer,Closer,244960,Dance,english,,,
20006,3afkJSKX0EAMsJXTZnDXXJ,Troye Sivan,Strawberries & Cigarettes,Strawberries & Cigarettes,201538,Dance,english,,,
20011,5cF0dROlMOK5uNZtivgu50,Charlie Puth,Voicenotes,Attention,208786,Dance,english,,,
20012,35mvY5S1H3J2QZyna3TFe0,Ariana Grande,Positions,positions,172324,Dance,english,,,
20016,0TK2YIli7K1leLovkQiNik,Shawn Mendes & Camila Cabello,SeÃ±orita,SeÃ±orita,190960,Dance,english,,,
20020,39LLxExYz6ewLAcYrzQQyP,Dua Lipa,Future Nostalgia,Levitating,203807,Dance,english,,,
20022,0qOnSQQF0yzuPWsXrQ9paz,Gym Class Heroes & Adam Levine,The Papercut Chronicles II,Stereo Hearts ,210960,Dance,english,,,
20023,27SdWb2rFzO6GWiYDBTD9j,Sia,This Is Acting,Cheap Thrills,211666,Dance,english,,,
20046,6gQJAUHKEVpnSGtfcwZ5Pe,David Guetta & Sam Martin,10's Dance Classics,Dangerous,203641,Dance,english,,,
20052,3Vi5XqYrmQgOYBajMWSvCi,Doja Cat,Planet Her,Need to Know,210560,Dance,english,,,
20064,285HeuLxsngjFn4GGegGNm,"David Guetta, Afrojack, Bebe Rexha & Nicki Minaj",Listen,Hey Mama,192560,Dance,english,,,
20077,7vAPNx92EUeQoTaGhjGTpQ,Dua Lipa & Saweetie,2Step - Pop R'n'B,IDGAF,238940,Dance,english,,,
20078,3QBOSFnhe6GrJKAOrm9Hij,"David Guetta, Becky Hill & Ella Henderson",Cardio Tracks,Crazy What Love Can Do,169756,Dance,english,,,
20102,161DnLWsx1i3u1JT05lzqU,Bruno Mars,Doo-Wops & Hooligans,Talking to the Moon,217866,Dance,english,,,
20104,5p7ujcrUXASCNwRaWNHR1C,Halsey,Without Me,Without Me,201660,Dance,english,,,
20106,3C0nOe05EIt1390bVABLyN,Jennifer Lopez & Pitbull,Love?,On The Floor,284866,Dance,english,,,
20153,6Im9k8u9iIzKMrmV7BWtlF,Ariana Grande,Positions,34+35,173710,Dance,english,,,
20165,24tNhacN8vdN8OqkR7LcNm,Lady Gaga,Workout Hits 2023,Poker Face,238906,Dance,english,,,
20169,2f7ifWKZAqCp6UC9T6UfdM,Lady Gaga,Spooky Scary Season,Monster,249280,Dance,english,,,
20190,7oBxxv6C5ttINeFHzOVwS4,Lady Gaga,Halloween 2022,Bad Romance,294573,Dance,english,,,
20209,40z4EMfyGwTp5Tk48mu7Os,Charlie Puth,Music for Rainy Days,One Call Away,194453,Dance,english,,,
20211,5gwBjRbZSNUk4TJirNvGfG,Lady Gaga,Pop & Halloween,Judas,249066,Dance,english,,,
20252,3eR23VReFzcdmS7TYCrhCe,Kygo & Selena Gomez,It Ain't Me (with Selena Gomez),It Ain't Me ,220780,Dance,english,,,
20293,4x8MAGED0DXLdIWCvhoj2t,Katy Perry,Helloween Party,E.T.,206373,Dance,english,,,
20299,7laKmnKG4kAJnVN0b60a9E,Katy Perry & Juicy J,Halloween Party 2022,Dark Horse,215672,Dance,english,,,
20346,4rCyiBhNUqpbtSyoeomIL8,Shawn Mendes,Fiesta de disfraces vol. II,Treat You Better,187973,Dance,english,,,
20406,3Z8FwOEN59mRMxDCtb8N0A,Marshmello & Halsey,Be Kind (with Halsey),Be Kind,172761,Dance,english,,,
20411,6kex4EBAj0WHXDKZMEJaaF,"Jason Derulo, Nicki Minaj & Ty Dolla $ign",Swalla (feat. Nicki Minaj & Ty Dolla $ign),Swalla,216408,Dance,english,,,
20435,5hFv1SIDrWucD6FO7sKuWX,Tiësto,"#Multiverse, If the Multiverse Is Real",The Business,164000,Dance,english,,,
20549,2MhZbxhjQf9WunW7Jc4kX4,Avicii,Electro sounds,Wake Me Up ,246813,Dance,english,,,
20944,4vUDzvjFrazDQfk5kHbXxd,Ne-Yo,Pop & Halloween,Beautiful Monster,251133,Dance,english,,,
1046,s046,ඩැඩී,,ආලේ,,Dance,sinhala,,,
1047,s047,එම්.එස්.ප්‍රනාන්දු,,මම එන්නෙ ඩුබායි රටේ,,Dance,sinhala,,,
1048,s048,එච්.ආර්.ජෝතිපාල & එම්.එස්.ප්‍රනාන්දු ,,ගෙදර හිටිය රෝසා,,Dance,sinhala,,,
1049,s049,ලහිරු පෙරේරා,,රම්බරි,,Dance,sinhala,,,
1050,s050,වොලී බැස්ටියන් & සමන් ද සිල්වා,,අයිරින් ජොසපින්,,Dance,sinhala,,,
1051,s051,Dinesh Gamage & Smokio,,නෑසුනා,,Dance,sinhala,,,
1052,s052,Chinthy,,වරකා මදුල,,Dance,sinhala,,,
1053,s053,Bathiya & Santhush,,බයිලා ගමුද රී මික්ස් කරලා,,Dance,sinhala,,,
1054,s054,Desmond De Silva & Sunil Perera,,සුමිහිරි පානේ,,Dance,sinhala,,,
1055,s055,Desmond De Silva & Mariazelle Gunathilake,,දොර ඇරපන් ආයා සුදා,,Dance,sinhala,,,
1056,s056,Sunil Perera,,සයිමා කට් වෙලා,,Dance,sinhala,,,
1057,s057,Gypsies,,ගිනි අඟුරු ගොඩේ,,Dance,sinhala,,,
1058,s058,Wasthi,,යමි පයින් යමි,,Dance,sinhala,,,
1059,s059,Centigradz,,මදහස පානා ,,Dance,sinhala,,,
1060,s060,Bathiya and Santhush & Hariharan,,යාල්පානමේ,,Dance,sinhala,,,
32001,1YMBg7rOjxzbya0fPOYfNX,DJ Snake & Lauv,A Different Way (with Lauv),A Different Way ,198285,Electronic,english,,,
32004,0lYBSQXN6rCTvUZvg9S0lU,DJ Snake & Justin Bieber,Encore,Let Me Love You,205946,Electronic,english,,,
32010,1S7ca5mJlpHn7GCE88jejz,Izzamuzzic & Julien Marchal,Shootout (Slowed + Reverb),Shootout ,140142,Electronic,english,,,
32033,3HSWaauCSlQ8TSdvEZYjVh,DJ Snake & Justin Bieber,Girls Night,Let Me Love You,205946,Electronic,english,,,
32045,7Ifnxt3NpU9Ky2VhC1RDUi,"DJ Snake, Selena Gomez, Ozuna & Cardi B",Fiesta portatil,Taki Taki,212500,Electronic,english,,,
32050,78iVPIyFgGjQ0g0TmDWYtQ,Maribou State & Holly Walker,Tongue EP,Tongue,304825,Electronic,english,,,
32054,4cQrSREMqBSvJ8ZzBZjVb8,"James Blake, Travis Scott & Metro Boomin",Assume Form,Mile High ,193600,Electronic,english,,,
32059,1gV0hgMNdpSWeW7ZjSUKnX,"TroyBoi, Diplo & Nina Sky",Afterhours feat. Diplo & Nina Sky,Afterhours ,275604,Electronic,english,,,
32084,10AsRVRdU07cMAFHeGYO3c,Martin Jensen,Solo Dance,Solo Dance,174933,Electronic,english,,,
32100,3S7A85bAWOd6ltk6r2ANOI,DJ Snake,U Are My High,U Are My High,180480,Electronic,english,,,
32126,39kRrigwHt5zPjzUPquUZp,Otnicka,Stronger,Stronger,164428,Electronic,english,,,
32133,5soMJpcVhSrGrB4prvPL6P,Mick Gordon,Doom (Original Game Soundtrack),Rip & Tear,257734,Electronic,english,,,
32139,2LAbwhtxSdxvOjQRSNdVmF,Kavinsky,Halloween 2022,Rampage,175653,Electronic,english,,,
32141,0WTCo2nNtSRCrGCiQuZO8d,Sohodolls,Ribbed Music for the Numb Generation,Bang Bang Bang Bang,181640,Electronic,english,,,
32174,67Hna13dNDkZvBpTXRIaOJ,Massive Attack,Mezzanine,Teardrop,330773,Electronic,english,,,
32224,0tcNM9PPdMYv9S3tjuZSyV,Bob Moses & ZHU,Desire,Desire,352000,Electronic,english,,,
32281,4eP7VbswtkGd5Hlyj4E7Qx,Kerala Dust,Late Sun,Nevada,363094,Electronic,english,,,
32300,60mrGpCA4OIUuRLwi4T5Nm,DJ Snake & Max Frost,Broken Summer,Broken Summer,183778,Electronic,english,,,
32311,08bDGEzsYd9ebCc7p23X4j,DJ Snake,Trust Nobody,Trust Nobody,211200,Electronic,english,,,
32312,7IVzMMlDsh4W4mIavGdKi0,"Yellow Claw, Dirty Audio & Bok Nero",No Limit,No Limit,180800,Electronic,english,,,
32336,0I5pVidtNjNXeaqHnwhrva,"Martin Jensen, Amber Van Day & N.F.I",Can't Come To The Phone,Can't Come To The Phone,175305,Electronic,english,,,
32337,0L338uEl2VPRQGSLy5yuP3,Fabian Mazur & Snavs,Actuation ADE 2022 Pre-Party,Anthem,135600,Electronic,english,,,
32350,2a7kFbxMwmmZWDvH0JbZFU,Dillon Francis & BabyJake,You Do You,Touch,177658,Electronic,english,,,
32368,0iANTai9oZfdFzmrGnMQ3Y,Space Motion & Stylo,Dreamers,Dreamers,403902,Electronic,english,,,
32369,4fCE1SCDulouoac9Q8XroU,DVBBS & Quinn XCII,West Coast (feat. Quinn XCII),West Coast ,150819,Electronic,english,,,
32472,4d8QCee0JKfsBwZFAzfLy1,Martin Jensen & Loote,Wait,Wait,165083,Electronic,english,,,
32552,2lHYvU950JRFgn09g31V01,Taska Black & Lizzy Land,Too Small For The World,Too Small For The World,177898,Electronic,english,,,
32569,3qgtGhoCutbBX73cd6ArCW,DJ Snake & Eptic,Carte Blanche,SouthSide ,252800,Electronic,english,,,
34005,3hRV0jL3vUpRrcy398teAU,Lord Huron,Strange Trails,The Night We Met,208211,Folk,english,,,
34019,2qHiyBpxyOXnRGG3t2iE96,Phillip Phillips,The World From The Side Of The Moon,"Gone, Gone, Gone",209693,Folk,english,,,
34022,2pUpNOgJBIBCcjyQZQ00qU,Passenger,All the Little Lights (Deluxe),Let Her Go,252733,Folk,english,,,
34023,6osLH2yLhpwuESclKx84sg,When Chai Met Toast,Joy of Little Things,Joy of Little Things,239666,Folk,english,,,
34027,7yq4Qj7cqayVTp3FF9CWbm,Vance Joy,Dream Your Life Away,Riptide,204280,Folk,english,,,
34046,3hhEJDjZDyG1M2fYJXY45R,The Lumineers,Chill Christmas Dinner,Pretty Paper,170493,Folk,english,,,
34048,3uit1VjYh9PzjVdpuJNkP8,The Lumineers,Calm Christmas,Blue Christmas,182703,Folk,english,,,
34090,2v8mIirSXpwpVwyBrUzAtT,Vance Joy,Upbeat 20's,Clarity,227240,Folk,english,,,
34092,1p9aRm4n7oG5hvPhREVHfh,Vance Joy,Comme un lundi,Riptide,204280,Folk,english,,,
34101,1VyiUi0mRnSKgtHa5dBoUd,The Strumbellas,Hope,Spirits,203653,Folk,english,,,
34107,72VBmMUTEVWFcDUVgMbqo0,Seafret,Atlantis,Atlantis,212443,Folk,english,,,
34148,2gVaoi7sYWUWNpuQGysjdQ,James Taylor & Toots Thielemans,The Very Best Christmas Songs 2022,The Christmas Song,232106,Folk,english,,,
34186,5JuEJHeydYTaObYY1h9MgA,Tom Petty,ÐžÐ±Ñ€Ð°Ñ‚Ð½Ð¾ Ð² ÐºÐ»Ð°Ñ - Rock,Free Fallin',255680,Folk,english,,,
34190,3H36x7buZdQD4687VmFrwY,Brandi Carlile & Sam Smith,Human - Best Adult Pop Tunes,Party of One,259558,Folk,english,,,
34192,34a89MbC7QXsUsLkljLgXX,Tom Petty,80s Bangers Vol. 1,Free Fallin',255680,Folk,english,,,
34196,1MLr9b1fOybO3MGiLy47Ys,Brandi Carlile & Lucius,Country Road Songs,You and Me on the Rock,230098,Folk,english,,,
34204,1Mk9ou2m6hsEZJYuNRJFpO,Matt Hartke,London's Song,London's Song,178573,Folk,english,,,
34212,5zA8vzDGqPl2AzZkEYQGKh,Billy Joel,An Innocent Man,Uptown Girl,197706,Folk,english,,,
34223,1xvADDTyr4ZCu5NPPkOJzU,Jimmy Buffett,Best 70s Rock Tunes,Survive,291400,Folk,english,,,
34234,2Oe8rQW8EwvIO8DKTZNduS,Tom Petty & The Heartbreakers,OK Boomers - Top Tunes,The Last DJ,227986,Folk,english,,,
34245,4bLCib4WnSGbkPTx6hln2x,Steely Dan,On air 70's Hits,Reelin' In The Years,275466,Folk,english,,,
34275,2ihCaVdNZmnHZWt0fvAM7B,Of Monsters and Men,My Head Is An Animal,Little Talks,266600,Folk,english,,,
34332,62AuGbAkt8Ox2IrFFb8GKV,Neil Diamond,Sweet Caroline,Sweet Caroline,203573,Folk,english,,,
34339,7mjSHL2Eb0kAwiKbvNNyD9,Cat Stevens,Tea For The Tillerman (Remastered 2020),Wild World,200560,Folk,english,,,
34371,0wzThSEGQOnrGtFnyxGSMZ,Flower Face,Baby Teeth,Angela,284143,Folk,english,,,
34428,5KGYDSI57XnX1xqxhOvW2Q,Mahalia,Sad Girls,Plastic Plants,199533,Folk,english,,,
34513,6Qwuw0eOeszVlewLpu24gR,Vance Joy,Nation of Two,I'm with You,239786,Folk,english,,,
34537,36NwMJRaCy7x77xYGJiG2M,Allman Brothers Band,Fishing Music,Midnight Rider,177960,Folk,english,,,
34661,4vpeKl0vMGdAXpZiQB2Dtd,Jefferson Airplane,Surrealistic Pillow,White Rabbit,150640,Folk,english,,,
34586,0dTqACDUQt7SrBJhzh9V2N,Seafret,Anywhere from Here,Valentine,216391,Folk,english,,,
1061,s061,සනත් නන්දසිරි,,මගේ රටට,,Folk,sinhala,,,
1062,s062,සුනිල් එදිරිසිංහ,,මගෙ අමල් බිසෝ,,Folk,sinhala,,,
1063,s063,වික්ටර් රත්නායක,,අපි ඔක්කොම රජවරු,,Folk,sinhala,,,
1064,s064,ඩබ්ලිව්.ඩී අමරදේව,,අඩවන් වූ දෙනෙතින්,,Folk,sinhala,,,
1065,s065,දීපිකා ප්‍රියදර්ශනී & ලෙලුම් රත්නායක,,පහන තියා,,Folk,sinhala,,,
1066,s066,ඩබ්ලිව්.ඩී අමරදේව,,දන්නෝ බුදුන් ගේ,,Folk,sinhala,,,
1067,s067,ඩබ්ලිව්.ඩී අමරදේව,,රත්නදීප,,Folk,sinhala,,,
1068,s068,සුනිල් එදිරිසිංහ,,රන් මලක් ලෙස,,Folk,sinhala,,,
1069,s069,එච්.ආර්.ජෝතිපාල ,,පුර්තුගීසිකාරයා,,Folk,sinhala,,,
1070,s070,රෑකාන්ත ගුණතිලක,,ඉඳුනිල් ගඟුලැල්,,Folk,sinhala,,,
1071,s071,සනත් නන්දසිරි & සුජාතා අත්තනායක,,කොහෝ කොහෝ,,Folk,sinhala,,,
40026,2YOZHcypOnfbG5cfsSpW4N,Marcelo Markes & Sarah Beatriz,Redentor,Redentor,382272,Gospel,english,,,
40106,30QU4RJntz98HlLOlkRgew,Sarah Beatriz,Canta,Canta,264697,Gospel,english,,,
40201,3VSH4Sf48KMwRzt788M5B7,Damares,Apocalipse,Apocalipse,402826,Gospel,english,,,
40356,1GkGwEqL9CSRoPelLofyEA,Marine Friesen,Eu TambÃ©m (100 BilhÃµes X),So Will I,412757,Gospel,english,,,
40422,0JPeg9MFek6EFFQn9aoSRC,Palavrantiga,"Palavrantiga, Vol. 1",Casa,288345,Gospel,english,,,
40449,2tqf8PLiMPoO69jTmOavK8,Gabriel Brito,A Mensagem da Cruz,A Mensagem da Cruz,237882,Gospel,english,,,
40450,2M857I621lLa6qTKTGd4Pt,Midian Lima & Arthur Callazans,Job,Job,324893,Gospel,english,,,
40467,25FVKRD6XUowfcii9f4xOB,Fredy Miller,A Porta,A Porta,313590,Gospel,english,,,
40548,6CWIKaRIlDzpZAhArGmj04,Anderson Freire,Anderson Freire Ao Vivo,Medley,540699,Gospel,english,,,
40568,6Wf7Ipd8kMakijzakl4cf2,Sérgio Lopes,SeleÃ§Ã£o de Ouro,O Amigo,296890,Gospel,english,,,
40583,0sxT6iU5tButz1r40xVVq6,Pedro Henrique & Vitória Souza,Levanta,Levanta,319210,Gospel,english,,,
40663,5ibmO0MNdUjNZQC93rQbaS,Michelle Nascimento,Louve e Adore,Louve e Adore,294986,Gospel,english,,,
40681,4QQ9nLdsPP9Ts02bbMpLxj,Mara Lima,"Melhores Momentos, Vol. 4",Daniel,386899,Gospel,english,,,
40700,2x8BlDYVnlD57KLrbqXcbq,Vanessa Bell Armstrong,The Experience,Good News,379840,Gospel,english,,,
40914,0AfAGOBjn1HBvsHb4Gg11T,Fruto Sagrado,DistorÃ§Ã£o,Superman,278082,Gospel,english,,,
40983,6Hb2DV9hl1ENg6t0zqd8yQ,Lauriete,Palavras,Palavras,325466,Gospel,english,,,
40971,5Z7P7KAbtSRqGAg5t44PI4,Vanilda Bordieri & Leandro Borges,Depois dos Quarenta,Tudo Sobre Mim,242641,Gospel,english,,,
40981,6sM30rbZYMZSwsct7qIwv6,Oficina G3,Humanos,Minha Luta,256812,Gospel,english,,,
1072,s072,ලතා වල්පොලා,,නමෝ මරියනී,,Gospel,sinhala,,,
1073,s073,රෑකාන්ත ගුණතිලක,,ආදර මගෙ ජේසුනී,,Gospel,sinhala,,,
1074,s074,අනිල් භාරතී,,බෙත්ලෙහෙම් පුරේ,,Gospel,sinhala,,,
50004,5qjZgLx35G3YbZkI8cKlkn,Riff,Que Sea Rock,Lily Malone,302586,Heavy_Metal,english,,,
50036,40mSjbhKvOJuPpg6vahENQ,Carajo,Inmundo,Chico Granada,214733,Heavy_Metal,english,,,
50040,1NasftXa4E2YxOpQPfgXzb,Pappo & Viejas Locas,"Pappo y Amigos, Vol. 1",Blus Local,147440,Heavy_Metal,english,,,
50055,4z9ick8e1N09t1rk4Cc3Hi,Stepfather Fred,Blue Pride,Blue Pride,208024,Heavy_Metal,english,,,
50071,3aIfJMxzIZt8XDuJOF56VW,Carajo,Inmundo,Joder,224146,Heavy_Metal,english,,,
50100,1kKzLv3w7I5NXzEtWkSzi4,Beast In Black,Dark Connection,Hardcore,214134,Heavy_Metal,english,,,
50107,0Zx5nFm89zrGjSg6dkL3W9,Barilari,Canciones Doradas,Angel,262077,Heavy_Metal,english,,,
50250,6P5Ma1HFYDsgOpLaGu6Jkz,Beast In Black,Dark Connection,Moonlight Rendezvous,338760,Heavy_Metal,english,,,
50264,0LTgkQ12Oe6l15MK78H6sZ,Carajo,AtrapasueÃ±os,Fluir,318160,Heavy_Metal,english,,,
50280,2RKdTlGTfrD8mbzDsh6tnm,Horcas,Eternos,Vencer,253160,Heavy_Metal,english,,,
50297,5chSMu0Ff715ngu0TDKwb5,OConnor,La Grieta,Diminitudes,324106,Heavy_Metal,english,,,
50334,58xomijgAqqRMCOCOc0F24,Viikate,Rillumarei!,Hallava,245821,Heavy_Metal,english,,,
50359,4xZhTlrUnyPQE3AfzrZ9aR,Seikima-II,BLOODIEST,WHAT'S HAPPENING?,440933,Heavy_Metal,english,,,
50376,4MhkQd0Y0qSCAMncsoQnua,Carajo,Frente a Frente,Drama,224040,Heavy_Metal,english,,,
50388,4bjgBYVmro1mq29SCfOesW,Viikate,Unholan Urut,Tie,238640,Heavy_Metal,english,,,
50412,1kt6ZgCKCLqthiDUEa5gmF,U.D.O.,Metallized,Man and Machine,340906,Heavy_Metal,english,,,
50413,5GKkwG5vl13DHxcUxFBSTm,Battle Beast,Circus Of Doom,Eye of the Storm,266338,Heavy_Metal,english,,,
50423,35gu3olgH7ibZ7RHBG06UJ,Carajo,Frente a Frente,Shock,210946,Heavy_Metal,english,,,
50576,1r90s8G6nq0xa3pgL4ZwHX,Carajo & Ciro Pertusi,Constrictor,Constrictor,280426,Heavy_Metal,english,,,
50636,2hxM0Ng8ysFqD6Ybut5gFF,Malon,EspÃ­ritu Combativo,Mendigos,238809,Heavy_Metal,english,,,
50651,0HlhtIdbSWSKW9DU5sXeFX,Beast In Black,Dark Connection,Blade Runner,247967,Heavy_Metal,english,,,
50666,2b41xmhpudjVq002vRCVtU,Doro,"Magic Diamonds - Best of Rock, Ballads & Rare Treasures",All We Are,181000,Heavy_Metal,english,,,
50710,33yDcoZDnyqD4FrjdGf7aN,Accept,Best Of Accept,Breaker,215626,Heavy_Metal,english,,,
50750,4f73ikIdf3E1r89cRzo7e6,Accept,Metal Heart,Metal Heart,323666,Heavy_Metal,english,,,
50765,0ngSk8aGEjWS6fsHIV9KKj,Beast In Black,Berserker,Beast in Black,269088,Heavy_Metal,english,,,
50822,71x2VMu2qnMgeORgTZVqIT,Marko Hietala,Pyre of the Black Heart,Dead God's Son,282066,Heavy_Metal,english,,,
50823,4Z44GYuMNFRHzoGowlp4ww,Beast In Black,Berserker,Born Again,231148,Heavy_Metal,english,,,
50904,44p3bZSfPXU81yJqW5i7wq,Mindless Sinner,Turn on the Power (Expanded),We Go Together,223706,Heavy_Metal,english,,,
64001,1AM8QdDFZMq6SrrqUnuQ9P,Michael Bublé,It's Time,Feeling Good,237333,Jazz,english,,,
64002,2ajUl8lBLAXOXNpG4NEPMz,Michael Bublé,Michael BublÃ©,Sway,188066,Jazz,english,,,
64006,5P7RUK1ibNNyuaGoXgs4W6,Michael Bublé,Holly Jolly Christmas,Holly Jolly Christmas,119786,Jazz,english,,,
64009,2VSdj9iXoaPojkSMKp2gXI,Michael Bublé,Mellow Adult Pop,Me and Mrs. Jones,271786,Jazz,english,,,
64011,2lN6zxaP5KYQHKSAh7nWBs,Michael Bublé,Human - Best Adult Pop Tunes,I'll Never Not Love You,218390,Jazz,english,,,
64013,5mXkwFSEKXMDikxK6x6lDv,Michael Bublé,Coffee Moment,Love You Anymore,182666,Jazz,english,,,
64017,3QQjfFpoCa8qIDXfg8DaBQ,Norah Jones,Desayuno en calma,Come Away With Me,197453,Jazz,english,,,
64037,1zT20Rgscp6BAqMhMMFFtV,Norah Jones,Christmas Day Chill,December,185680,Jazz,english,,,
64039,5eiNZ6Bta9NSU5AJ2Gfsd4,Norah Jones,Santa Claus Is Coming To Town,Wintertime,228234,Jazz,english,,,
64045,2YJ7Y1oJO1O9w4qnxoJWmK,Norah Jones,Santa Claus Is Coming To Town,Christmas Don't Be Late,160293,Jazz,english,,,
64055,5uNnGViAuZIkoUhVwmFWlr,Norah Jones,Coffee Break,Shoot The Moon,237173,Jazz,english,,,
64083,1NAvb7rxR26xGIC9jthaEu,Norah Jones,Un tecito y a mimir,The Nearness Of You,189906,Jazz,english,,,
64102,5cAUbhZcGKn666AZ9oO3RO,Louis Armstrong,The Greatest Jazz Mix,Moon River,176453,Jazz,english,,,
64114,0uZ14vmYf9O5LirYjN84GL,Ella Fitzgerald,pov: you hear the bells jingle,Sleigh Ride,175986,Jazz,english,,,
64150,0edRP0RpOUrjHbbGPSYzaH,Ella Fitzgerald,Christmas Songs 2022,Frosty The Snowman,131733,Jazz,english,,,
64173,357pRaRB0tID9c98Eg2TDn,Ella Fitzgerald & Louis Armstrong,christmas but not christmas songs,Cheek To Cheek,353647,Jazz,english,,,
64254,2oDCxy29DtirotGBmk36jJ,Nat King Cole,Christmas Vibes But Not Christmas Songs,L-O-V-E,155306,Jazz,english,,,
64296,6QUrYDqnSpdEuTIsdv0BiR,Nat King Cole,Santa Claus Is Coming To Town,Joy To The World,84986,Jazz,english,,,
64350,1yPIFsWSszIgcArWl2lRpi,Nat King Cole,Christmas Vibes But Not Christmas Songs,Stardust,195573,Jazz,english,,,
64359,5oVTYjZ1h5xNMz2zYwsbjm,Dean Martin,Rock Christmas 2022 - The Very Best Of,"Baby, It's Cold Outside",143733,Jazz,english,,,
64398,5glnDYLzHld2GHsyrok5Y3,Dean Martin,Christmas Best Hits 2022,I've Got My Love To Keep Me Warm,161973,Jazz,english,,,
64450,2grjqo0Frpf2okIBiifQKs,"Earth, Wind & Fire","The Best Of Earth, Wind & Fire Vol. 1",September,215093,Jazz,english,,,
64492,5vOVMNYDam6F6jtemqnNX2,Frank Sinatra,christmas but not christmas songs,The Girl From Ipanema,200360,Jazz,english,,,
64513,0VXJD6Gf5pUmEvMdvgcuBM,Natalie Cole,Coffee Break,Coffee Time,148333,Jazz,english,,,
64529,3Y9LIYX0Wl4cwUJ8VGJTvP,Tony Bennett & Lady Gaga,Rockin' Around The Christmas Tree 2022,Winter Wonderland,149306,Jazz,english,,,
64608,72SlP8S4Z8KWVPC8BbDXxJ,Peggy Lee,Christmas Best Hits 2022,Happy Holiday,115506,Jazz,english,,,
64628,4TXtiyC9zYWLTmKIb6c5vg,The Cooltrane Quartet,"Vintage CafÃ©: Lounge and Jazz Blends, Vol. 22",Sing It Back,168451,Jazz,english,,,
64654,5Smmg9SpxnawbuYPKSNcmx,Bill Charlap Trio,Street Of Dreams,Day Dream,373840,Jazz,english,,,
64712,13cpOnmccZGVGFngLxYN4I,Kenny G,Breathless,Forever in Love,299493,Jazz,english,,,
64746,0s7LZdfEIdXJPNLfNsKQXF,Dave Brubeck,Ultimate Calm Christmas Jazz,Away In A Manger,303400,Jazz,english,,,
64807,0xSqHQ5wv80hNkpU50vPc7,Anthony Lazaro,Strangers in Disguise,Gravity,149285,Jazz,english,,,
64856,2nJw7Vz6VTGuxrtYWGChbZ,Plini,Other Things,Selenium Forest,365641,Jazz,english,,,
64858,5xRP5iyVdGglqlY4Vcjhkx,Nina Simone,Pastel Blues,Sinnerman,622000,Jazz,english,,,
64908,7iaQV6plfQRead7XdleWM4,Caravan Palace,<IÂ°_Â°I>,Aftermath,185869,Jazz,english,,,
64956,7Cg3F9ZsZ2TYUnlza49NYh,Bonobo,Black Sands,Kong,237826,Jazz,english,,,
64959,6YrAxoqTwEGmGI0NKQ4ugl,Zmeyev,Feelin' Good,Feelin' Good,132000,Jazz,english,,,
75007,2agBDIr9MYDUducQPC1sFU,Yiruma,Yiruma 2nd Album 'First Love' (The Original & the Very First Recording),River Flows In You,188786,New_Age,english,,,
75023,7eK418wMGx908CDgCNwAPh,Jim Brickman,Winter Chill,Amber Glow,156257,New_Age,english,,,
75024,16f5nKCHNOL2NjBA45xIoH,Jim Brickman,Winter Chill,"Mary, Did You Know?",202630,New_Age,english,,,
75026,0ImYtGljvVGvRIFueRumGE,Jim Brickman,Winter Chill,The Little Drummer Boy,173956,New_Age,english,,,
75027,6lSPwGVUg40KxFwR2kV15Q,Jim Brickman,Winter Chill,O Christmas Tree,238478,New_Age,english,,,
75071,7dXsngeZZMITp0SapdYc38,Yanni,Sensuous Chill,Thirst for Life,226173,New_Age,english,,,
75086,29mZKwRwHXGlzOPdmFOiHe,ICE-T,Rap Classics,6 'n the Mornin',224866,New_Age,english,,,
75087,7uzeHzJx33aqpdeKyhXBwh,Maire Brennan,Perfect Time,Perfect Time,286200,New_Age,english,,,
75093,5gAW4QqCAPtK34Mz4XIZ1g,Tony O'Connor,Mariner,Northwind,535973,New_Age,english,,,
75156,6ujYgJuuMoDJMnJ8N7iKrm,Yiruma,The Best - Reminiscent 10th Anniversary,Love Me,248586,New_Age,english,,,
75162,4ITXYNLwUkdX5k5y8M2SU4,Karunesh,Zen Breakfast,Calling Wisdom,334706,New_Age,english,,,
75170,2jrc5wSJd4NYsewjDsoNEa,Ernesto Cortazar,Just for You,Beethoven's Silence,158538,New_Age,english,,,
75179,1jucN3LVpwZ1NfCveefi1y,Karen Marie Garrett,It's About the Rose,Finale of the Rose,242120,New_Age,english,,,
75188,3PyFurHPWEnybWlBcx7FLx,Deuter,East of the Full Moon,Dammerschein,594826,New_Age,english,,,
75193,4a7AWx3ghlqOVqFq8OWZcQ,Paul Cardall,Primary Worship,Bonus Track,265400,New_Age,english,,,
75202,7rtVoa8YQPHb1dQyhOxCFm,Yiruma,f r a m e,Autumn Finds Winter,241500,New_Age,english,,,
75210,5gPdjsmYkLm5FWT2PXIhnF,Enigma,The Platinum Collection,Beyond The Invisible - Radio Edit,275200,New_Age,english,,,
75221,4AGyK7CESrgCwPNxHZYOzt,Michael Whalen,My Secret Heart,Two As One,291160,New_Age,english,,,
75229,4cUptz0U1nW5bMfArzgJlJ,Dan Gibson's Solitudes,European Spa,Symmetry,827760,New_Age,english,,,
75235,2kdJAbzcLT7XEQ0QeZERIB,Queen Latifah & Monie Love,Ladies First,Ladies First - Radio Edit,229896,New_Age,english,,,
75270,69n6N7QuyPlUtOL0xhwnOX,Enigma,The Screen Behind The Mirror,Between Mind & Heart,249733,New_Age,english,,,
75294,4ybSBC9IpKzT00BczNgVuo,Llewellyn,Reiki,Waking Dreams,302480,New_Age,english,,,
75316,3umEiXjMwOxASAGBVbkfS1,David Wahler,Antiquus,Ancient Dawn,259680,New_Age,english,,,
75361,5TkzLV0CMW0LBWTNNJvCs9,Daniel Kobialka,When You Wish Upon A Star,Angels Sleep,396400,New_Age,english,,,
75362,0HbegF4OozCZaMX99nRlNk,Stive Morgan,Earth Breath,Ice and Fire,454296,New_Age,english,,,
75374,1cQZiagpZFHLv8YuySkXB0,Robert Haig Coxon,Silent Path II... The Healing Heart,Creation,534013,New_Age,english,,,
75488,0yGEOYpUwQfR3Bt6rPz4lK,Phil Coulter,Sea Of Tranquility,The Green Glens Of Antrim,185626,New_Age,english,,,
75516,3HiWFKexTEQQJjZ6zrbrxy,Gary Stadler & Stephannie,Fairy Heartmagic,Heartmagic,252480,New_Age,english,,,
75683,1DHWS82S8VPk2kf5u605UA,Dan Gibson's Solitudes,Forest Cello,The Fallen Leaves,342600,New_Age,english,,,
75720,10YGV1BNNc46xfkmPdOWiD,Philip Wesley,Hope Endures,Second Chances,179746,New_Age,english,,,
1075,s075,ප්‍රදීප් රංගන,,ආදරයේ පාවෙන,,New_Age,sinhala,,,
1076,s076,රිද්ම වීරවර්ධන,,කුවේණියේ මා,,New_Age,sinhala,,,
1077,s077,ආත්මා ලියනගේ ,,ලියතඹරා,,New_Age,sinhala,,,
1078,s078,බිලී ප්‍රනාන්දු,,ඔබ කැමතිනම් මට කියන්න,,New_Age,sinhala,,,
1079,s079,"අභිෂේක විමලවීර, ලහිරු පෙරේරා",,දෙකොපුල් කදුලින් තෙමා,,New_Age,sinhala,,,
1080,s080,කසුන් කල්හාර,,සඳ මිතුරි,,New_Age,sinhala,,,
1081,s081,FREEZE,,ඩයස් ,,New_Age,sinhala,,,
1082,s082,Dinesh Gamage & KaizerKaiz,,මල කඩ කඩ,,New_Age,sinhala,,,
1083,s083,Dhanith Sri,,පන්දම,,New_Age,sinhala,,,
1084,s084,Windy & Sanuka,,මනාලි,,New_Age,sinhala,,,
1085,s085,"Pasan Liyanage, Bachi Susan & Rude Bwoy",,විසේකාරි,,New_Age,sinhala,,,
1086,s086,Lahiru Perera & Nathasha Perera,,සුදු ගවුමේ ඇයි,,New_Age,sinhala,,,
1087,s087,Ravi jay ft. Charitha Attalage,,ගලන ගඟ,,New_Age,sinhala,,,
1088,s088,"Ridma Weerawardena, Nisal Gamage & Senanga Dissanayake",,සොබනා,,New_Age,sinhala,,,
1089,s089,Sarith & Surith ft.KVN ,,සල්ලි,,New_Age,sinhala,,,
81003,5IgjP7X4th6nMNDh4akUHb,Chris Brown,Indigo (Extended),Under The Influence,184613,Pop,english,,,
81004,7MXVkk9YMctZqd1Srtv4MB,The Weeknd & Daft Punk,Starboy,Starboy,230453,Pop,english,,,
81023,0tgVpDi06FyKpA1z0VMD4v,Ed Sheeran,Ã· (Deluxe),Perfect,263400,Pop,english,,,
81024,0mBP9X2gPCuapvpZ7TGDk3,"Charlie Puth, Jung Kook & BTS",Left and Right (Feat. Jung Kook of BTS),Left and Right,154486,Pop,english,,,
81064,7ef4DlsgrMEH11cDZd32M6,Calvin Harris & Dua Lipa,One Kiss (with Dua Lipa),One Kiss,214846,Pop,english,,,
81069,5cF0dROlMOK5uNZtivgu50,Charlie Puth,Voicenotes,Attention,208786,Pop,english,,,
81101,1cKHdTo9u0ZymJdPGSh6nq,The Weeknd & Gesaffelstein,"My Dear Melancholy,",I Was Never There,241066,Pop,english,,,
81102,6xGruZOHLs39ZbVccQTuPZ,Joji,Glimpse of Us,Glimpse of Us,233456,Pop,english,,,
81137,1u8c2t2Cy7UBoG4ArRcF5g,Taylor Swift,1989 (Deluxe),Blank Space,231826,Pop,english,,,
81138,6h49LElLEJLbKfR6zdcFtf,The Weeknd,Autopilot,Blinding Lights,201573,Pop,english,,,
81139,1gcTc0NQrfZ6tJ2M2DIMOP,The Weeknd & Daft Punk,Autumn Vibes 2022,I Feel It Coming,269186,Pop,english,,,
81158,6UelLqGlWMcVH1E5c4H7lY,Harry Styles,Fine Line,Watermelon Sugar,174000,Pop,english,,,
81183,0ct6r3EGTcMLPtrXHDvVjc,Avicii,The Days / Nights,The Nights,176658,Pop,english,,,
81205,4Dvkj6JhhA12EX05fT7y2e,Harry Styles,Harry's House,As It Was,167303,Pop,english,,,
81211,6epn3r7S14KUqlReYr77hA,Justin Bieber & Ludacris,My World 2.0,Baby,214240,Pop,english,,,
81225,5QDLhrAOJJdNAmCTJ8xMyW,BTS,BE,Dynamite,199053,Pop,english,,,
81263,4cktbXiXOapiLBMprHFErI,Maroon 5,JORDI (Deluxe),Memories,189486,Pop,english,,,
81314,0Jj3HijYvpp6UBVJeQPNQh,Justin Bieber,pov: it's 2020,Come Around Me,200773,Pop,english,,,
81315,12KqDRZ0KkpLPwxd54Zz4F,Justin Bieber & Boyz II Men,All I want For Christmas Is Music,Fa La La,185560,Pop,english,,,
81342,7cC4Y0jQZ4eRoRqRQIau1x,Justin Bieber,Fiesta de disfraces vol. II,Sorry,200786,Pop,english,,,
81350,5nCthAh3jt4xKuLJAifAaR,Katy Perry,Harleys In Hawaii,Harleys In Hawaii,185815,Pop,english,,,
81354,3rmo8F54jFF8OgYsqTxm5d,Ed Sheeran,=,Bad Habits,230746,Pop,english,,,
81364,2Bs4jQEGMycglOfWPBqrVG,One Direction,FOUR (Deluxe),Steal My Girl,228133,Pop,english,,,
81400,50kpGaPAhYJ3sGmk6vplg0,Justin Bieber,Purpose (Deluxe),Love Yourself,233720,Pop,english,,,
81403,2m6Ko3CY1qXNNja8AlugNc,Troye Sivan,Angel Baby,Angel Baby,220779,Pop,english,,,
81443,6gQJAUHKEVpnSGtfcwZ5Pe,David Guetta & Sam Martin,10's Dance Classics,Dangerous,203641,Pop,english,,,
81450,7fBv7CLKzipRk6EC6TWHOB,The Weeknd,Beauty Behind The Madness,The Hills,242253,Pop,english,,,
81451,2JzZzZUQj3Qff7wapcbKjc,Wiz Khalifa & Charlie Puth,See You Again (feat. Charlie Puth),See You Again,229525,Pop,english,,,
81469,5ktc8d1y2Gd0ug5OpNm6Ia,David Guetta & Bebe Rexha,I'm Blue - Hits of 2022,I'm Good (Blue),175238,Pop,english,,,
81473,0OZYXc58HooMgBNWyp6cuO,Billie Eilish,pov: it's 2021,Therefore I Am,174321,Pop,english,,,
81479,7vAPNx92EUeQoTaGhjGTpQ,Dua Lipa & Saweetie,2Step - Pop R'n'B,IDGAF,238940,Pop,english,,,
81651,5DqdesEfbRyOlSS3Tf6c29,Ali Gatie,YOU,It's You,212606,Pop,english,,,
81652,3Vi5XqYrmQgOYBajMWSvCi,Doja Cat,Planet Her,Need to Know,210560,Pop,english,,,
81659,3h4T9Bg8OVSUYa6danHeH5,Maroon 5,V (Asia Tour Edition),Animals,231013,Pop,english,,,
81708,77eT8QCTlZg8Mje7P9U0NH,"Bruno Mars, Anderson Paak & Silk Sonic",Good Vibes,Smokin out the Window,197442,Pop,english,,,
81741,3UeFCt66ntAJoabXfp0Bo4,"Bruno Mars, Anderson Paak & Silk Sonic",Pop Hits Now,Love's Train,307014,Pop,english,,,
81960,5uCax9HTNlzGybIStD3vDh,James Arthur,Back from the Edge,Say You Won't Let Go,211466,Pop,english,,,
1090,s090,මිල්ටන් මල්ලවරාච්චි,,මා හා එදා,,Pop,sinhala,,,
1091,s091,එච්.ආර්.ජෝතිපාල,,අද අමුතුම රැයකි,,Pop,sinhala,,,
1092,s092,ටී.එම්.ජයරත්න,,කුන්ද සමන්,,Pop,sinhala,,,
1093,s093,නාමල් උඩුගම,,අප හමුවීම වෙන්වීම,,Pop,sinhala,,,
1094,s094,"ක්ලැරන්ස් විජේවර්ධන, ජැක්සන් ඇන්තනී ",,දෑස පියා ගත් කල,,Pop,sinhala,,,
1095,s095,ආත්මා ලියනගේ,,ආයෙමත් ආදරෙන්,,Pop,sinhala,,,
1096,s096,"ඉන්ද්‍රානි පෙරේරා, මිල්ටන් මල්ලවාරච්චි",,සමනල රෑනක්,,Pop,sinhala,,,
1097,s097,Tehan Perera,,උණුහුම,,Pop,sinhala,,,
1098,s098,Jaya Sri,,පිටරට විස්තර,,Pop,sinhala,,,
1099,s099,Bathiya & Santhush,,රැස් විහිදෙන සමනලියකගෙන්,,Pop,sinhala,,,
1100,s100,Anushka Udana,,මන්දාරම් කතාවේ,,Pop,sinhala,,,
1101,s101,Centigradz,,රන්වන් මල්දම්,,Pop,sinhala,,,
1102,s102,Dinesh Gamage,,තමරසා,,Pop,sinhala,,,
1103,s103,Iraj & Ranidu,,නින්ද නොයන හැන්දෑවේ,,Pop,sinhala,,,
86000,7EkWXAI1wn8Ii883ecd9xr,Surf Curse,Freaks,Freaks,147062,Punk,english,,,
86001,2tznHmp70DxMyr2XhWLOW0,Cage The Elephant,Melophobia,Cigarette Daydreams,208760,Punk,english,,,
86002,5GorCbAP4aL0EJ16frG2hd,Green Day,Greatest Hits: God's Favorite Band,Boulevard of Broken Dreams,262333,Punk,english,,,
86003,3IHHqmfKJHyI0obINUdg1W,Green Day,21st Century Breakdown,21 Guns,322040,Punk,english,,,
86004,3ZffCQKLFLUvYM59XKLbVm,Green Day,American Idiot,Wake Me up When September Ends,285653,Punk,english,,,
86006,7tYKa4wd7gL5LwcxidBPkG,We The Kings & Elena Coates,Somewhere Somehow,Sad Song,226330,Punk,english,,,
86007,27pyhbC00sCtwKPhlQtOGe,My Chemical Romance,Timeless Rock Hits,Teenagers,161920,Punk,english,,,
86008,1I2I4x0SJcK6ccc6qvw76s,My Chemical Romance,Rock - Best of 2022,The Foundations of Decay,360760,Punk,english,,,
86009,6O5spqMgOR3Hk20NHCAPpC,Paramore,Alternative Rock Mixtape,Ain't It Fun,296520,Punk,english,,,
86014,5QycaevmOwueIMWMHuCc2t,My Chemical Romance,Rock Brandneu,The Foundations of Decay,360760,Punk,english,,,
86038,7EU1RzKt7PJO9KyXzYcG23,Green Day,20's Rock,Oh Yeah!,171160,Punk,english,,,
86044,0gd85OZzAQWqq3VJGimuy3,Rise Against,Halloween Metal Nights,The Violence,228720,Punk,english,,,
86046,7CmA9WWvO4CyeQb8sHQ0wB,Green Day,Summer Music Festival Hits,Good RidDance (Time of Your Life),153466,Punk,english,,,
86059,1mNeXxPfXOQUcdSB0qJV6W,Surf Curse,Rock - Best of 2022,Sugar,162880,Punk,english,,,
86067,3Tk862X58ciHqlNow4SQl4,Against The Current,Rock Brandneu,Wildfire,166779,Punk,english,,,
86089,1zI8C6f7LURY0eD0gMuVVY,Misfits,Halloween Songs | Witches Hour,Halloween,112426,Punk,english,,,
86136,3PZut6IxVN6OBwVxkZGgqc,Set It Off,Slowed + Reverbed: Chill,Skeleton ,238488,Punk,english,,,
86159,4GssB27iJeqmfGxS94Tfij,Falling In Reverse,Popular Monster,Popular Monster,220537,Punk,english,,,
86177,0vje1g0dkLILsDpxXTcBaJ,The Maine,Alternative Christmas 2022,Santa Stole My Girlfriend,182960,Punk,english,,,
86197,6FrpUEi6yQjSdaTrpuyl9v,Siouxsie and the Banshees,Fiesta temÃ¡tica 80s,Peek-A-Boo,192813,Punk,english,,,
86212,1xaTREM89RbIxkcjlpf4Uw,The Smiths,Hatful of Hollow,Heaven Knows I'm Miserable Now ,215760,Punk,english,,,
86221,10rChmECwPcvTTj4w07hq4,Simple Plan,Still Not Getting Any,Welcome to My Life,206773,Punk,english,,,
86258,0GgN4MhR5GKn5IcKN0e0rG,My Chemical Romance,The Black Parade,Cancer,142973,Punk,english,,,
86274,6myTigUAh8oKT2iQUNUHIL,The Chameleons,Cuando Sale El Sol: Rock,Swamp Thing,356973,Punk,english,,,
86316,4yffABDkB5A9flvr9vQFck,The Black Keys,Brothers (Deluxe Remastered Anniversary Edition),Howlin' for You,191956,Punk,english,,,
86319,6Pif6RkFoYzLygdqktus4Q,My Chemical Romance,The Foundations of Decay,The Foundations of Decay,360760,Punk,english,,,
86354,1j8z4TTjJ1YOdoFEDwJTQa,Paramore,Paramore,Ain't It Fun,296520,Punk,english,,,
86550,4dk40nfaQav6b4ZsJ9OYUo,The Psychedelic Furs,Forever Now,Love My Way,213973,Punk,english,,,
86601,4gVwRSCyE40hU3cq8qdkwD,Hot Chelle Rae,Hung Up,Hung Up,193733,Punk,english,,,
86616,3F85FbGU17nTX9tCdxFeiW,Surf Curse,Magic Hour,Fear City,275306,Punk,english,,,
86656,6JgHKt0WwdwlXIht6M0mqa,Fugazi,Instrument Soundtrack,I'm So Tired,118933,Punk,english,,,
86756,6hwQ69v7VbPhTTR2fOtYX7,The Offspring,Conspiracy Of One,Want You Bad,202573,Punk,english,,,
86757,4wsQGsdf8D0Bj26cGdvreB,Green Day,Dookie,She,134293,Punk,english,,,
86906,2yHmIxXi48DFl6zQlIhEaj,Against The Current,Wildfire,Wildfire,166779,Punk,english,,,
86930,3vHGv2e1xn7Dm3D4i8unmw,Off With Their Heads,Home,Shirts,151786,Punk,english,,,
86994,5TXzVBQj31PD1YIS2Ll1mp,BBS Paranoicos,Delusional,Sanatorio,217072,Punk,english,,,
87002,3SdTKo2uVsxFblQjpScoHy,Ben E. King,Don't Play That Song (Mono),Stand by Me,180055,RnB,english,,,
87006,1HvTxgCj0mTzQlEo0zLvFb,Lil Tjay,In My Head,In My Head,135264,RnB,english,,,
87023,3jVoxrwRPJihoYZVhSS5Ta,Boyz II Men,Un tecito y a mimir,A Song For Mama,301906,RnB,english,,,
87162,7FqkxZQpaqzQtLKrUhELLw,22Gz & Kodak Black,Ghetto Superstar - New Rap Classics,Up n Stuck,193970,RnB,english,,,
87189,1PsqGUXy4eFdOKOmafn2ea,The Avett Brothers,Chill Christmas Dinner,Winter In My Heart,294960,RnB,english,,,
87190,1tnZipedfyuRJlxkW8o5za,Robert Palmer,80's,Simply Irresistible,254293,RnB,english,,,
87254,1OfHes9WQdGQSIgNwrqIAw,Tungevaag,Young Summer,Young Summer,156729,RnB,english,,,
87260,2vGfjY0JLLiBiEFq7zgQjB,Buddy Holly & The Crickets,Christmas time but not Christmas songs 2022,Everyday,128466,RnB,english,,,
87291,2OEmtRXH5FL5foKlwoIZYU,The Drifters,Christmas Time,White Christmas,158533,RnB,english,,,
87318,6P3phrVqOebNtYo1uEyRJY,Bombay Bicycle Club,FrÃ¼hstÃ¼cksmusik Herbst/Winter 2022/2023,Always Like This,245640,RnB,english,,,
87370,6G0vQhQUP8jUzAkGZ2PXRH,Lianne La Havas,2Step - Pop R'n'B,Can't Fight,190560,RnB,english,,,
87379,5S0yacsFpFnsZH2Kh4r4Zu,Dion,Fiesta temÃ¡tica 60s,Somebody Nobody Wants,158586,RnB,english,,,
87403,1wNdGz7BlB9kH5lDc1eLLb,Lil Tjay,Goin Up,Goin Up,140601,RnB,english,,,
87601,0QGwOFQChzflLAmPq5NwKo,Dion & The Belmonts,Presenting Dion And The Belmonts,A Teenager In Love,158253,RnB,english,,,
87636,0EkSHAQktdf7R26LRQiKGQ,Cliff Richard,Christmas Music - Holiday Hits,Mistletoe and Wine,245333,RnB,english,,,
87650,4Hqh0dS4x07zuRw6eBTO7p,Lil Tjay,20/20,20/20,230448,RnB,english,,,
87651,4Y6pdMS2PwGshq1MYcJ9fC,Ricky Nelson,For Your Sweet Love,I Will Follow You,146133,RnB,english,,,
87809,6KRddNr4XlooytDWtefT7L,Oh Honey,With Love - EP,I Love You Will Still Sound The Same,207123,RnB,english,,,
87882,2iHwOGQ2HreSfcBsgYEYrf,Rita Coolidge,Best 70s Rock Tunes,We're All Alone,220520,RnB,english,,,
87951,3omXshBamrREltcf24gYDC,Cold War Kids,Hold My Home,First,200360,RnB,english,,,
1104,s104,රෑකාන්ත ගුණතිලක,,ඇස් දෙක පියාන,,RnB,sinhala,,,
1105,s105,වායෝ,,අපි කවුරුද,,RnB,sinhala,,,
1106,s106,අජිත් බන්ඩාරා,,ඔබ ඉන්නවනම්,,RnB,sinhala,,,
1107,s107,රෑකාන්ත ගුණතිලක,,දවසක් දා හැන්දෑවක,,RnB,sinhala,,,
1108,s108,රෑකාන්ත ගුණතිලක,,බඹර පහස,,RnB,sinhala,,,
1109,s109,සනුක වික්‍රමසිංහ,,සරාගයේ,,RnB,sinhala,,,
1110,s110,රුවන් හෙට්ටියාර්චි,,සීත මාරුතේ,,RnB,sinhala,,,
1111,s111,රෑකාන්ත ගුණතිලක,,සඳ පිණී දියේ,,RnB,sinhala,,,
1112,s112,Hector Dias,,නිල්වන් මුහුදු තීරේ,,RnB,sinhala,,,
1113,s113,Randhir,,නා මල් මිටක්,,RnB,sinhala,,,
1114,s114,Bathiya & Santhush,,මල් පැන් පොදක්,,RnB,sinhala,,,
1115,s115,Ashanthi De Alwis,,ආලවන්තියක්,,RnB,sinhala,,,
1116,s116,Santhush & Umariya,,ගුම් නාදේ,,RnB,sinhala,,,
1117,s117,"Randhir, Bathiya & Umaria",,මල් මදහාස,,RnB,sinhala,,,
1118,s118,Bathiya & Santhush,,උන්මාදිනි හැංගුනා,,RnB,sinhala,,,
88000,2pfvK4mEji3KYxoJqEwzDV,Feid,Verano en Junio,Belixe,155533,Reggae,english,,,
88001,1qcWuAqrckB7uoAxVnrBDm,Feid,Perreo en Halloween,Normal,171880,Reggae,english,,,
88039,7708qrA9gHIrwuVf6QdjAH,Feid,Reggeaton Imperdible,Castigo,177280,Reggae,english,,,
88067,6oJWYwInc2wnjNLUW4Vx0T,J Balvin,Halloween 2022 Pop Vol. 5,Rosa,190253,Reggae,english,,,
88085,4tKNaV5CxlztGumpxi5F9F,"J Balvin, Pharrell Williams, BIA & Sky",Perreo Tenebroso Vol. 5,Safari,205600,Reggae,english,,,
88086,6g9qibs8qNFnG1dFPYp48V,J Balvin,Halloween 2022 Perreo Vol. 1,Ambiente,249253,Reggae,english,,,
88087,1tJPPxQ18pJL0MnfS4nQZn,J Balvin,Hora del taco sin auto,Morado,200666,Reggae,english,,,
88112,3JTIbs8AwBIeyxB6fCzcZ6,J Balvin,Perreo Tenebroso Vol. 3,Negro,182506,Reggae,english,,,
88192,2T1SNgLERipx3n6iVTeHZA,"Daddy Yankee, Nicky Jam, Plan B, Rome & Urba",Halloween 2022 Perreo Vol. 1,Shaky Shaky ,234560,Reggae,english,,,
88193,7cS2YS8Q5wJ7ZzqbKLsuFR,Daddy Yankee,Feliz CumpleaÃ±os con Perreo,Limbo,224800,Reggae,english,,,
88241,0tNLlw94DIrCECnp0dSUUz,Daddy Yankee,Carrete con besties,Lovumba,218520,Reggae,english,,,
88242,1H25cHqoclhvwvl7BPyCbW,Daddy Yankee,Halloween 2022 Perreo Vol. 3,Hula Hoop,236493,Reggae,english,,,
88244,6TFUGAC1zk57FICwy1wZNW,"Daddy Yankee, Natti Natasha, Becky G & Bad Bunny",Homecoming Latin Party,Dura - Remix,242160,Reggae,english,,,
88273,54kofthDNPNcQVuia0NuDl,Jhayco & Anuel AA,pov: it's 2021,Ley Seca,263666,Reggae,english,,,
88285,00PBSElFPJbnIcFS7orAm2,Jhayco,Frescura y Perreo,Christian Dior,147133,Reggae,english,,,
88309,6Kwo18gzpFZnZhlAwhn5cl,Sebastian Yatra & Beret,CafÃ© en casa,Vuelve,225213,Reggae,english,,,
88310,356ry72djzWnoIjOCrLS7h,Wisin & Yandel,Perreo en Halloween,Sexy Movimiento,211920,Reggae,english,,,
88351,4ipnJyDU3Lq15qBAYNqlqK,J Balvin;Willy William,Mi Gente,Mi Gente,189440,Reggae,english,,,
88391,6TzrZUKi2XFvGIBzqMGR7e,Don Omar,Esto me suena a Farra,Guaya Guaya,194013,Reggae,english,,,
88522,5kwLY3eUcdPTaelGBrpydA,Guaynaa & Yandel,Hora del taco sin auto,Full Moon,185680,Reggae,english,,,
88979,63F46HyE75ftE4OhmH3Fzt,Capleton,Joyful Noise Riddim,Protect His People,248574,Reggae,english,,,
91001,5XeFesFbtLpXzIVDNQP22n,Arctic Monkeys,AM,I Wanna Be Yours,183956,Rock,english,,,
91002,2QjOHCTQ1Jl3zawyYOpxh6,The Neighbourhood,I Love You.,Sweater Weather,240400,Rock,english,,,
91005,1SOClUWhOi8vHZYMz3GluK,Jaymes Young,Feel Something,Infinity,237720,Rock,english,,,
91006,5iFwAOB2TFkPJk8sMlxP8g,PUBLIC,Make You Mine,Make You Mine,232906,Rock,english,,,
91008,6lanRgr6wXibZr8KgzXxBl,Christina Perri,A Thousand Years,A Thousand Years,285120,Rock,english,,,
91010,1zB4vmk8tFRmM9UULNzbLB,Imagine Dragons,Evolve,Thunder,187146,Rock,english,,,
91011,0pqnGHJpmpxLKifKRmU6WP,Imagine Dragons,Evolve,Believer,204346,Rock,english,,,
91012,0HqZX76SFLDz2aW8aiqi7G,Imagine Dragons,Bones,Bones,165264,Rock,english,,,
91014,2tpWsVSb9UEmDRxAl1zhX1,OneRepublic,Native,Counting Stars,257266,Rock,english,,,
91016,6Qn5zhYkTa37e91HC1D7lb,Imagine Dragons,Evolve,Whatever It Takes,201240,Rock,english,,,
91017,5qaEfEh1AtSdrdrByCP7qR,Imagine Dragons,Night Visions,Demons,177506,Rock,english,,,
91018,2RSHsoi04658QL5xgQVov3,Imagine Dragons,Origins (Deluxe),Bad Liar,260773,Rock,english,,,
91049,2zkfyPrPY0OlFJuui5j5FE,Queen,80s Bangers Vol. 2,Was It All Worth It,347800,Rock,english,,,
91058,2hReXQtxmJVC1e68rvpAFY,OneRepublic,Arbeitsmusik Herbst/Winter 2022/2023,West Coast,192947,Rock,english,,,
91106,6i0V12jOa3mr6uu4WYhUBr,Twenty One Pilots,Heathens,Heathens,195920,Rock,english,,,
91107,2Z8WuEywRWYTKe1NybPQEW,Twenty One Pilots,Blurryface,Ride,214506,Rock,english,,,
91108,3CRDbSIZ4r5MsZ0YwxuEkn,Twenty One Pilots,Blurryface,Stressed Out,202333,Rock,english,,,
91110,62yJjFtgkhUrXktIoSjgP2,Imagine Dragons,Night Visions,Radioactive,186813,Rock,english,,,
91118,75fT19n6ZQHr67Mkh86qfD,Red Hot Chili Peppers,Rock Brandneu,Tippa My Tongue,260808,Rock,english,,,
91137,1Ygg8lP3sRwkN9aEyBQgC6,Creedence Clearwater Revival,Fishing Music,Bad Moon Rising,141600,Rock,english,,,
91150,0NlGoUyOJSuSHmngoibVAs,Kodaline,In A Perfect World (Expanded Edition),All I Want,305746,Rock,english,,,
91315,3oaqIiIIu9KUrfqE4AeT93,Bastille,10's Music Grandi Successi,Pompeii,216760,Rock,english,,,
91470,2aX1zws7bVjTLbS1cYZK2W,Scorpions,Fishing Music,Wind Of Change,311240,Rock,english,,,
91529,6lJ4R2yQFUCevI7hVw9vnC,The Beach Boys,A Very 60s Christmas,Frosty The Snowman ,114551,Rock,english,,,
91530,6ZkwokCipkGiqvpnIt2APo,The Cranberries,Del gusto de mamÃ¡,Linger,273600,Rock,english,,,
91532,1to2itVmTyZfiDWah0rAzW,The Cranberries,Twisted Halloween Hits,Zombie,307440,Rock,english,,,
91866,38h5gL20FSZ9jBuhHuSOBe,James Blunt,Merry Christmas,Wisemen,221773,Rock,english,,,
91869,2JEACiM9PXIHN4N5PMAubq,James Blunt,Good Enough - Easy Pop,You're Beautiful,209493,Rock,english,,,
91909,7A7FsIDnBMnz1PAnSOxUdh,Arctic Monkeys,I Ain't Quite Where I Think I Am,Body Paint,290584,Rock,english,,,
91968,1spwauDAwyEaot3ZxKdRYa,Owl City,OO's Music Grandi Successi,Fireflies,228346,Rock,english,,,
91984,7wgKBMq7Mf8GuWrtTKFzzp,Kygo,Summer Music Festival Hits,Take On Me,226666,Rock,english,,,
91988,45u1g3oY1Tb0Ibmlwqo8f2,Tom Petty and the Heartbreakers,Timeless Rock Hits,American Girl,214733,Rock,english,,,
1119,s119,Indrachapa Liyanage,,සිතුවිලි,,Rock,sinhala,,,
1120,s120,Nishantha Pradeep,,සලා දෙනෙත් යුග,,Rock,sinhala,,,
1121,s121,Mihindu Ariyaratne,,චකිතය,,Rock,sinhala,,,
1122,s122,Mihindu Ariyaratne,,යාත්‍රිකයා,,Rock,sinhala,,,
1123,s123,Indrachapa Liyanage,,රෝස පෙත්තෙ,,Rock,sinhala,,,
1124,s124,Chitral Somapala,,මිරිඟුව පරදා,,Rock,sinhala,,,
1125,s125,Chitral Somapala,,නදී ගංගා තරණයේ,,Rock,sinhala,,,
1126,s126,Mihindu Ariyaratne,,නොසැලී ,,Rock,sinhala,,,
1127,s127,Chitral Somapala,,සිංහයෝ,,Rock,sinhala,,,
999,s999,Eminem,,Loose Yourself,,Rap,english,,,
998,s998,Lil Wayne,,Lollipop,,Rap,english,,,
997,s997,Eminem,,Rap God,,Rap,english,,,
996,s996,Cardi B,,Tomorrow 2,,Rap,english,,,
995,s995,WC & Snoop Dogg,,The Streets,,Rap,english,,,
994,s994,Rod Wave,,Street Runner,,Rap,english,,,
993,s993,Nicki Minaj,,Princess Diana,,Rap,english,,,
992,s992,YoungBoy,,Make No Sense,,Rap,english,,,
991,s991,Cardi B,,Up,,Rap,english,,,
990,s990,Wiz Khalifa,,Black and Yellow,,Rap,english,,,
989,s989,Lil Naas X,,Industry Baby,,Rap,english,,,
988,s988,Eminem,,The Real Slim Shady,,Rap,english,,,
987,s987,Travis Scott,,Goosebumps,,Rap,english,,,
986,s986,XXXTENTACION,,Hope,,Rap,english,,,
985,s985,Drake,,Hurricane,,Rap,english,,,
1128,s128,"Big Doggy, Costa & Shan Putha",,පෙරියමුල්ල,,Rap,sinhala,,,
1129,s129,Shan Putha,,සඳමාලි ,,Rap,sinhala,,,
1130,s130,SPMP,,ටකාල් ,,Rap,sinhala,,,
1131,s131,"DJ JNK, Shan Putha & Moniyo",,සලන් හන්තේ,,Rap,sinhala,,,
1132,s132,Costa,,බටනලා,,Rap,sinhala,,,
1133,s133,"Smokio, Ramessesreezy & Thuggahchainmusic",,කාමිණී,,Rap,sinhala,,,
1134,s134,Costa,,නුවර මචන්,,Rap,sinhala,,,
1135,s135,Iraj Ft. Smokio,,මුඩුක්කුවෙන් එලියට,,Rap,sinhala,,,
1136,s136,44Kalliya,,වීදීමායම්,,Rap,sinhala,,,
1137,s137,Dilo,,අන්ධකාරේ මං,,Rap,sinhala,,,
1138,s138,"K80, Shan Putha & Prasa Kg",,නෑ ශෝකෙන්,,Rap,sinhala,,,
1139,s139,Dilo,,ගාවින් මා,,Rap,sinhala,,,
1140,s140,OOSeven,,මං තනියෙන්,,Rap,sinhala,,,
1141,s141,Costa & Duava,,ගම්මානේ,,Rap,sinhala,,,
1142,s142,Max Demon & Alokaya,,හීන ලෝකේ,,Rap,sinhala,,,
,,,,,,,,,,
,,,,,,,,,,
